Emp_id,First_Name,Last_Name,Emp_name,Email,Gender,Address,Department,Salary
1,Jose,Lopez,Jose Lopez,joselopez0944@slingacademy.com,male,Germany,Product,8500
2,Diane,Carter,Diane Carter,dianecarter1228@slingacademy.com,female,Germany,Product,7000
3,Shawn,Foster,Shawn Foster,shawnfoster2695@slingacademy.com,male,Germany,Product,17000
4,Brenda,Fisher,Brenda Fisher,brendafisher3185@slingacademy.com,female,USA,Product,10000
5,Sean,Hunter,Sean Hunter,seanhunter4753@slingacademy.com,male,France,Product,14500
6,Joshua,Jacobs,Joshua Jacobs,joshuajacobs5904@slingacademy.com,male,Germany,Product,10500
7,Brianna,Marshall,Brianna Marshall,briannamarshall6438@slingacademy.com,female,France,Product,11000
8,John,Tate,John Tate,johntate7881@slingacademy.com,male,France,Product,11000
9,Jillian,Byrd,Jillian Byrd,jillianbyrd8170@slingacademy.com,female,Russia,Product,11000
10,Melanie,Sharp,Melanie Sharp,melaniesharp9256@slingacademy.com,female,Germany,Product,14500
11,Brandy,Mckee,Brandy Mckee,brandymckee10500@slingacademy.com,female,USA,Product,14000
12,Robert,Simpson,Robert Simpson,robertsimpson11778@slingacademy.com,male,Russia,Product,15000
13,George,Mckenzie,George Mckenzie,georgemckenzie12384@slingacademy.com,male,Russia,Product,10000
14,Joseph,Smith,Joseph Smith,josephsmith13724@slingacademy.com,male,Russia,Product,14000
15,Dana,Crawford,Dana Crawford,danacrawford14310@slingacademy.com,female,Russia,Product,12000
16,Christopher,Benson,Christopher Benson,christopherbenson15937@slingacademy.com,male,Russia,Product,7500
17,Nicole,Smith,Nicole Smith,nicolesmith16360@slingacademy.com,female,Germany,Product,10000
18,Peter,Jimenez,Peter Jimenez,peterjimenez17791@slingacademy.com,male,Germany,Product,6500
19,Sergio,Boyle,Sergio Boyle,sergioboyle18425@slingacademy.com,male,Russia,Product,9000
20,Brianna,Moss,Brianna Moss,briannamoss19517@slingacademy.com,female,USA,Product,10500
21,Taylor,Garner,Taylor Garner,taylorgarner20196@slingacademy.com,female,Russia,Product,11000
22,Michael,Padilla,Michael Padilla,michaelpadilla21381@slingacademy.com,male,USA,Product,9500
23,Yvette,Walker,Yvette Walker,yvettewalker22744@slingacademy.com,female,Russia,Product,7000
24,Kristina,Pena,Kristina Pena,kristinapena23750@slingacademy.com,female,Russia,Product,12500
25,Vanessa,Reynolds,Vanessa Reynolds,vanessareynolds24710@slingacademy.com,female,Germany,Product,13000
26,Robert,Suarez,Robert Suarez,robertsuarez25924@slingacademy.com,male,France,Product,9500
27,Tammy,Ellis,Tammy Ellis,tammyellis26570@slingacademy.com,female,France,Human Resource,14000
28,Rodney,Porter,Rodney Porter,rodneyporter27496@slingacademy.com,male,Germany,Product,9500
29,David,Reyes,David Reyes,davidreyes28592@slingacademy.com,male,Russia,Product,7000
30,Brian,Kirby,Brian Kirby,briankirby29574@slingacademy.com,male,France,Product,10000
31,Tammy,Walker,Tammy Walker,tammywalker30386@slingacademy.com,female,USA,Product,8500
32,Angela,Stewart,Angela Stewart,angelastewart31951@slingacademy.com,female,Russia,Human Resource,10000
33,Susan,Parker,Susan Parker,susanparker32865@slingacademy.com,female,Germany,Product,8500
34,Robert,Hogan,Robert Hogan,roberthogan33599@slingacademy.com,male,Germany,Product,7000
35,Dawn,Pham,Dawn Pham,dawnpham34908@slingacademy.com,female,USA,Product,9000
36,Karen,Duke,Karen Duke,karenduke35869@slingacademy.com,female,USA,Product,11000
37,Julian,Thompson,Julian Thompson,julianthompson36437@slingacademy.com,male,Germany,Product,7000
38,Daisy,Perry,Daisy Perry,daisyperry37789@slingacademy.com,female,USA,Product,9500
39,Sarah,Smith,Sarah Smith,sarahsmith38793@slingacademy.com,female,France,Product,6000
40,Eric,Randolph,Eric Randolph,ericrandolph39291@slingacademy.com,male,Russia,Product,8500
41,William,Keller,William Keller,williamkeller40838@slingacademy.com,male,Russia,Product,8000
42,George,Salas,George Salas,georgesalas41217@slingacademy.com,male,France,Product,10500
43,Alyssa,Archer,Alyssa Archer,alyssaarcher42600@slingacademy.com,female,Russia,Product,15500
44,Daniel,Wagner,Daniel Wagner,danielwagner43907@slingacademy.com,male,USA,Human Resource,12500
45,David,Howard,David Howard,davidhoward44518@slingacademy.com,male,France,Product,11500
46,Brett,Friedman,Brett Friedman,brettfriedman45236@slingacademy.com,male,Russia,Human Resource,10000
47,Shaun,Harris,Shaun Harris,shaunharris46875@slingacademy.com,male,USA,Product,6500
48,Jason,Morris,Jason Morris,jasonmorris47229@slingacademy.com,male,USA,Product,9500
49,Jesse,Mcdaniel,Jesse Mcdaniel,jessemcdaniel48348@slingacademy.com,male,Russia,Product,11500
50,Jessica,Torres,Jessica Torres,jessicatorres49971@slingacademy.com,female,Russia,Human Resource,9500
51,Bradley,Garcia,Bradley Garcia,bradleygarcia50896@slingacademy.com,male,France,Product,6500
52,Christopher,Walker,Christopher Walker,christopherwalker51808@slingacademy.com,male,Germany,Product,5500
53,Jason,Boyd,Jason Boyd,jasonboyd52182@slingacademy.com,male,Germany,Product,15000
54,Colleen,Cooper,Colleen Cooper,colleencooper53362@slingacademy.com,female,Russia,Product,10500
55,Laurie,Robinson,Laurie Robinson,laurierobinson54980@slingacademy.com,female,Germany,Product,13500
56,Tiffany,Novak,Tiffany Novak,tiffanynovak55365@slingacademy.com,female,Russia,Product,12000
57,Sophia,Coleman,Sophia Coleman,sophiacoleman56563@slingacademy.com,female,France,Product,13500
58,Jodi,Harris,Jodi Harris,jodiharris57145@slingacademy.com,female,France,Product,13500
59,Michael,Calhoun,Michael Calhoun,michaelcalhoun58176@slingacademy.com,male,France,Product,7500
60,Aaron,Tran,Aaron Tran,aarontran59178@slingacademy.com,male,France,Product,16500
61,Karen,Aguirre,Karen Aguirre,karenaguirre60547@slingacademy.com,female,USA,Product,13500
62,Danielle,Morrison,Danielle Morrison,daniellemorrison61394@slingacademy.com,female,USA,Human Resource,9500
63,Amanda,Thomas,Amanda Thomas,amandathomas62614@slingacademy.com,female,USA,Product,9000
64,Sarah,Spencer,Sarah Spencer,sarahspencer63772@slingacademy.com,female,Germany,Product,14000
65,Jessica,Ho,Jessica Ho,jessicaho64531@slingacademy.com,female,Germany,Product,12000
66,Kristy,Rhodes,Kristy Rhodes,kristyrhodes65269@slingacademy.com,female,France,Product,13500
67,Joseph,Hobbs,Joseph Hobbs,josephhobbs66797@slingacademy.com,male,Germany,Product,7500
68,Allison,Matthews,Allison Matthews,allisonmatthews67756@slingacademy.com,female,Russia,Product,12000
69,James,Phillips,James Phillips,jamesphillips68522@slingacademy.com,male,France,Product,14500
70,Philip,Thomas,Philip Thomas,philipthomas69207@slingacademy.com,male,Germany,Product,15000
71,Dawn,Walker,Dawn Walker,dawnwalker70868@slingacademy.com,female,France,Product,10000
72,Denise,Lopez,Denise Lopez,deniselopez71911@slingacademy.com,female,Germany,Product,9500
73,Gregory,House,Gregory House,gregoryhouse72945@slingacademy.com,male,USA,Human Resource,9500
74,Stacie,Diaz,Stacie Diaz,staciediaz73929@slingacademy.com,female,USA,Product,11000
75,Barbara,Burns,Barbara Burns,barbaraburns74284@slingacademy.com,female,Germany,Product,10500
76,Jessica,Cortez,Jessica Cortez,jessicacortez75317@slingacademy.com,female,Russia,Product,12000
77,Daniel,Hernandez,Daniel Hernandez,danielhernandez76747@slingacademy.com,male,Germany,Product,9500
78,Eugene,Diaz,Eugene Diaz,eugenediaz77610@slingacademy.com,male,France,Product,9500
79,Earl,Nelson,Earl Nelson,earlnelson78644@slingacademy.com,male,Germany,Product,12500
80,Elizabeth,Jackson,Elizabeth Jackson,elizabethjackson79562@slingacademy.com,female,USA,Product,8500
81,John,Martinez,John Martinez,johnmartinez80595@slingacademy.com,male,Germany,Product,7000
82,Wesley,Shaw,Wesley Shaw,wesleyshaw81546@slingacademy.com,male,USA,Product,6500
83,Michael,Davila,Michael Davila,michaeldavila82958@slingacademy.com,male,Germany,Product,16000
84,Heidi,Hill,Heidi Hill,heidihill83123@slingacademy.com,female,USA,Product,12500
85,Yvonne,Bass,Yvonne Bass,yvonnebass84513@slingacademy.com,female,Russia,Product,9000
86,Jamie,Jones,Jamie Jones,jamiejones85266@slingacademy.com,female,Germany,Product,6500
87,Brady,Washington,Brady Washington,bradywashington86649@slingacademy.com,male,Germany,Product,5500
88,Michael,Rivera,Michael Rivera,michaelrivera87962@slingacademy.com,male,Germany,Product,6500
89,Angela,Morales,Angela Morales,angelamorales88595@slingacademy.com,female,USA,Product,9000
90,Larry,Moore,Larry Moore,larrymoore89266@slingacademy.com,male,Russia,Product,7500
91,Veronica,Oliver,Veronica Oliver,veronicaoliver90922@slingacademy.com,female,USA,Product,7000
92,Clayton,Smith,Clayton Smith,claytonsmith91214@slingacademy.com,male,Russia,Product,6000
93,Tamara,Randall,Tamara Randall,tamararandall92432@slingacademy.com,female,France,Product,11000
94,Amy,Vaughn,Amy Vaughn,amyvaughn93722@slingacademy.com,female,USA,Product,11500
95,Larry,Chapman,Larry Chapman,larrychapman94932@slingacademy.com,male,Germany,Product,12000
96,Eugene,Mcintyre,Eugene Mcintyre,eugenemcintyre95994@slingacademy.com,male,Russia,Human Resource,7000
97,Patricia,Suarez,Patricia Suarez,patriciasuarez96379@slingacademy.com,female,Germany,Product,16500
98,Melissa,Vasquez,Melissa Vasquez,melissavasquez97165@slingacademy.com,female,France,Product,12000
99,Stephanie,Hodges,Stephanie Hodges,stephaniehodges98715@slingacademy.com,female,USA,Product,14000
100,Brian,Watkins,Brian Watkins,brianwatkins99160@slingacademy.com,male,Germany,Product,11000
101,Zachary,Ellis,Zachary Ellis,zacharyellis100141@slingacademy.com,male,Russia,Product,12000
102,Mark,Maxwell,Mark Maxwell,markmaxwell101603@slingacademy.com,male,Russia,Product,9000
103,Jill,Farmer,Jill Farmer,jillfarmer102620@slingacademy.com,female,Germany,Product,9000
104,Rhonda,Park,Rhonda Park,rhondapark103796@slingacademy.com,female,France,Product,13000
105,Jessica,Park,Jessica Park,jessicapark104881@slingacademy.com,female,France,Human Resource,5500
106,Keith,Bender,Keith Bender,keithbender105366@slingacademy.com,male,France,Product,10000
107,Andrew,Silva,Andrew Silva,andrewsilva106948@slingacademy.com,male,France,Human Resource,11000
108,John,Escobar,John Escobar,johnescobar107306@slingacademy.com,male,Germany,Product,10000
109,Savannah,Woods,Savannah Woods,savannahwoods108924@slingacademy.com,female,France,Product,5500
110,Cameron,Solis,Cameron Solis,cameronsolis109983@slingacademy.com,male,Germany,Product,14000
111,Patrick,Johnson,Patrick Johnson,patrickjohnson110856@slingacademy.com,male,Russia,Product,13000
112,Nathan,Oconnor,Nathan Oconnor,nathanoconnor111395@slingacademy.com,male,France,Product,11500
113,Felicia,Fox,Felicia Fox,feliciafox112789@slingacademy.com,female,USA,Product,11000
114,Nicole,Davis,Nicole Davis,nicoledavis113588@slingacademy.com,female,USA,Product,5500
115,Gregory,Kirk,Gregory Kirk,gregorykirk114408@slingacademy.com,male,France,Product,11500
116,Ashley,Carrillo,Ashley Carrillo,ashleycarrillo115726@slingacademy.com,female,France,Product,12000
117,Brandon,White,Brandon White,brandonwhite116729@slingacademy.com,male,France,Product,8500
118,Joshua,Miles,Joshua Miles,joshuamiles117429@slingacademy.com,male,USA,Product,7500
119,Gabriel,Shannon,Gabriel Shannon,gabrielshannon118996@slingacademy.com,male,France,Product,13500
120,Charles,Chan,Charles Chan,charleschan119980@slingacademy.com,male,France,Product,7000
121,Stephanie,Hill,Stephanie Hill,stephaniehill120240@slingacademy.com,female,Russia,Product,15500
122,Brian,Kelly,Brian Kelly,briankelly121771@slingacademy.com,male,Germany,Product,15000
123,Susan,Lopez,Susan Lopez,susanlopez122522@slingacademy.com,female,Germany,Product,9000
124,Logan,Edwards,Logan Edwards,loganedwards123515@slingacademy.com,male,France,Product,16000
125,Ryan,Young,Ryan Young,ryanyoung124775@slingacademy.com,male,Germany,Product,15500
126,Rebecca,Crawford,Rebecca Crawford,rebeccacrawford125111@slingacademy.com,female,USA,Product,11500
127,Leslie,Sullivan,Leslie Sullivan,lesliesullivan126504@slingacademy.com,female,France,Product,12500
128,Andrew,Carey,Andrew Carey,andrewcarey127127@slingacademy.com,male,Germany,Product,9500
129,Richard,Sawyer,Richard Sawyer,richardsawyer128529@slingacademy.com,male,France,Product,11000
130,Garrett,Nguyen,Garrett Nguyen,garrettnguyen129713@slingacademy.com,male,Russia,Product,11500
131,Cody,Zuniga,Cody Zuniga,codyzuniga130555@slingacademy.com,male,Russia,Product,15500
132,James,Johnson,James Johnson,jamesjohnson131504@slingacademy.com,male,Germany,Product,9500
133,Jamie,Ruiz,Jamie Ruiz,jamieruiz132870@slingacademy.com,female,Germany,Product,7000
134,Brandi,Evans,Brandi Evans,brandievans133450@slingacademy.com,female,France,Product,8500
135,Jennifer,Obrien,Jennifer Obrien,jenniferobrien134415@slingacademy.com,female,France,Product,12000
136,Whitney,Espinoza,Whitney Espinoza,whitneyespinoza135280@slingacademy.com,female,Russia,Product,11500
137,Brandon,Rosario,Brandon Rosario,brandonrosario136801@slingacademy.com,male,USA,Product,8000
138,Jennifer,Rhodes,Jennifer Rhodes,jenniferrhodes137946@slingacademy.com,female,Germany,Product,8000
139,Jordan,Michael,Jordan Michael,jordanmichael138385@slingacademy.com,female,Russia,Product,7500
140,James,Knight,James Knight,jamesknight139390@slingacademy.com,male,Russia,Product,8500
141,Michelle,Ramirez,Michelle Ramirez,michelleramirez140449@slingacademy.com,female,Russia,Product,8500
142,Peter,Mercado,Peter Mercado,petermercado141760@slingacademy.com,male,Russia,Product,12500
143,Jason,George,Jason George,jasongeorge142858@slingacademy.com,male,Germany,Product,9000
144,John,Arroyo,John Arroyo,johnarroyo143863@slingacademy.com,male,USA,Product,7500
145,Ashley,Mccann,Ashley Mccann,ashleymccann144440@slingacademy.com,female,France,Product,11000
146,John,Robinson,John Robinson,johnrobinson145915@slingacademy.com,male,France,Product,12000
147,Michael,Clark,Michael Clark,michaelclark146199@slingacademy.com,male,Russia,Product,8000
148,Julia,Howe,Julia Howe,juliahowe147145@slingacademy.com,female,USA,Product,9000
149,John,Roy,John Roy,johnroy148826@slingacademy.com,male,France,Product,11500
150,Paul,Nguyen,Paul Nguyen,paulnguyen149760@slingacademy.com,male,France,Product,12000
151,Chelsea,Lewis,Chelsea Lewis,chelsealewis150888@slingacademy.com,female,Russia,Product,13000
152,Austin,Bell,Austin Bell,austinbell151766@slingacademy.com,male,France,Product,16500
153,Paul,Allen,Paul Allen,paulallen152619@slingacademy.com,male,Germany,Product,8000
154,Gary,Oliver,Gary Oliver,garyoliver153551@slingacademy.com,male,Germany,Product,7000
155,Diana,Bowers,Diana Bowers,dianabowers154842@slingacademy.com,female,USA,Product,7500
156,Cody,Peters,Cody Peters,codypeters155367@slingacademy.com,male,France,Product,13500
157,Cameron,Gonzalez,Cameron Gonzalez,camerongonzalez156781@slingacademy.com,male,Russia,Product,14500
158,Shelia,Benson,Shelia Benson,sheliabenson157744@slingacademy.com,female,France,Product,6500
159,Jacqueline,Brooks,Jacqueline Brooks,jacquelinebrooks158463@slingacademy.com,female,France,Product,14000
160,William,Turner,William Turner,williamturner159974@slingacademy.com,male,Germany,Product,12500
161,Lisa,Logan,Lisa Logan,lisalogan160552@slingacademy.com,female,Russia,Product,12500
162,Jeffery,Jones,Jeffery Jones,jefferyjones161216@slingacademy.com,male,Germany,Product,12000
163,Scott,Li,Scott Li,scottli162771@slingacademy.com,male,France,Product,8500
164,Chad,Roberson,Chad Roberson,chadroberson163525@slingacademy.com,male,Russia,Product,11000
165,Ariana,Hernandez,Ariana Hernandez,arianahernandez164467@slingacademy.com,female,Germany,Product,8000
166,Wanda,Forbes,Wanda Forbes,wandaforbes165141@slingacademy.com,female,Russia,Product,10500
167,Edwin,Cortez,Edwin Cortez,edwincortez166250@slingacademy.com,male,USA,Product,9500
168,Sharon,Smith,Sharon Smith,sharonsmith167760@slingacademy.com,female,Germany,Product,11000
169,Sherry,Oliver,Sherry Oliver,sherryoliver168772@slingacademy.com,female,Russia,Product,11500
170,Eric,Moses,Eric Moses,ericmoses169891@slingacademy.com,male,Russia,Product,12000
171,James,Ruiz,James Ruiz,jamesruiz170534@slingacademy.com,male,Germany,Product,8500
172,Julie,Barber,Julie Barber,juliebarber171592@slingacademy.com,female,USA,Product,7500
173,Becky,Mcpherson,Becky Mcpherson,beckymcpherson172514@slingacademy.com,female,France,Product,7500
174,Nicole,Aguilar,Nicole Aguilar,nicoleaguilar173929@slingacademy.com,female,USA,Product,7500
175,Melissa,Lee,Melissa Lee,melissalee174832@slingacademy.com,female,USA,Product,9500
176,Ariana,Cochran,Ariana Cochran,arianacochran175831@slingacademy.com,female,Germany,Product,12000
177,Lisa,Carpenter,Lisa Carpenter,lisacarpenter176388@slingacademy.com,female,USA,Product,9500
178,Julie,Wilson,Julie Wilson,juliewilson177313@slingacademy.com,female,Germany,Product,7000
179,Martin,Crawford,Martin Crawford,martincrawford178513@slingacademy.com,male,USA,Product,5500
180,Daniel,Peterson,Daniel Peterson,danielpeterson179804@slingacademy.com,male,USA,Product,10500
181,Eric,Lambert,Eric Lambert,ericlambert180283@slingacademy.com,male,USA,Product,10000
182,Marcia,Huerta,Marcia Huerta,marciahuerta181175@slingacademy.com,female,USA,Product,8000
183,Jason,Ortiz,Jason Ortiz,jasonortiz182754@slingacademy.com,male,USA,Product,9500
184,Keith,Thomas,Keith Thomas,keiththomas183439@slingacademy.com,male,Russia,Product,9500
185,Sarah,Freeman,Sarah Freeman,sarahfreeman184758@slingacademy.com,female,France,Product,13500
186,Michael,Galvan,Michael Galvan,michaelgalvan185989@slingacademy.com,male,Russia,Product,8000
187,Michael,Warner,Michael Warner,michaelwarner186194@slingacademy.com,male,Russia,Product,7500
188,Larry,Thompson,Larry Thompson,larrythompson187420@slingacademy.com,male,France,Product,12000
189,James,Miller,James Miller,jamesmiller188412@slingacademy.com,male,USA,Product,13500
190,James,Steele,James Steele,jamessteele189191@slingacademy.com,male,Russia,Product,10000
191,Joseph,Beck,Joseph Beck,josephbeck190237@slingacademy.com,male,Russia,Product,12500
192,Wayne,Cohen,Wayne Cohen,waynecohen191993@slingacademy.com,male,Russia,Product,11000
193,Bailey,Reilly,Bailey Reilly,baileyreilly192786@slingacademy.com,female,Russia,Product,5500
194,Yolanda,Smith,Yolanda Smith,yolandasmith193826@slingacademy.com,female,Russia,Product,10500
195,Kathleen,Leblanc,Kathleen Leblanc,kathleenleblanc194890@slingacademy.com,female,Russia,Product,9000
196,Christina,Garza,Christina Garza,christinagarza195263@slingacademy.com,female,USA,Product,9000
197,Jennifer,Jarvis,Jennifer Jarvis,jenniferjarvis196139@slingacademy.com,female,Germany,Product,9000
198,Jesse,Smith,Jesse Smith,jessesmith197279@slingacademy.com,male,Russia,Product,12500
199,Melissa,Richardson,Melissa Richardson,melissarichardson198110@slingacademy.com,female,France,Product,9500
200,Michele,Stewart,Michele Stewart,michelestewart199951@slingacademy.com,female,Germany,Product,12500
201,Jeremy,Gilbert,Jeremy Gilbert,jeremygilbert200282@slingacademy.com,male,USA,Product,9000
202,Kevin,Valentine,Kevin Valentine,kevinvalentine201488@slingacademy.com,male,Russia,Product,11000
203,Suzanne,Hurst,Suzanne Hurst,suzannehurst202425@slingacademy.com,female,Russia,Product,7500
204,Janet,Stephens,Janet Stephens,janetstephens203449@slingacademy.com,female,Russia,Product,12000
205,Michael,Hoover,Michael Hoover,michaelhoover204983@slingacademy.com,male,USA,Product,15500
206,Terry,Jones,Terry Jones,terryjones205228@slingacademy.com,male,USA,Product,12000
207,Breanna,Love,Breanna Love,breannalove206374@slingacademy.com,female,Russia,Product,8000
208,Elijah,Mcguire,Elijah Mcguire,elijahmcguire207166@slingacademy.com,male,Russia,Product,8000
209,Paige,Bell,Paige Bell,paigebell208379@slingacademy.com,female,Germany,Product,12000
210,Lauren,Logan,Lauren Logan,laurenlogan209754@slingacademy.com,female,Germany,Product,6500
211,Gary,Watson,Gary Watson,garywatson210844@slingacademy.com,male,USA,Product,12000
212,Andrea,Miller,Andrea Miller,andreamiller211593@slingacademy.com,female,France,Product,13500
213,Stephen,Anderson,Stephen Anderson,stephenanderson212709@slingacademy.com,male,USA,Product,10000
214,Erica,Montgomery,Erica Montgomery,ericamontgomery213699@slingacademy.com,female,France,Product,8000
215,Mitchell,Olson,Mitchell Olson,mitchellolson214954@slingacademy.com,male,Germany,Product,7500
216,Brenda,Leonard,Brenda Leonard,brendaleonard215112@slingacademy.com,female,USA,Product,7500
217,Sandra,Scott,Sandra Scott,sandrascott216500@slingacademy.com,female,France,Product,8500
218,Terry,Jackson,Terry Jackson,terryjackson217122@slingacademy.com,male,Russia,Product,13000
219,John,Palmer,John Palmer,johnpalmer218164@slingacademy.com,male,Russia,Product,14000
220,Brenda,Tapia,Brenda Tapia,brendatapia219999@slingacademy.com,female,France,Product,11500
221,Donald,Gordon,Donald Gordon,donaldgordon220327@slingacademy.com,male,France,Product,9000
222,David,Long,David Long,davidlong221467@slingacademy.com,male,Germany,Product,11500
223,Michael,Pratt,Michael Pratt,michaelpratt222638@slingacademy.com,male,Germany,Product,12000
224,Jessica,West,Jessica West,jessicawest223110@slingacademy.com,female,USA,Product,12000
225,David,Jennings,David Jennings,davidjennings224703@slingacademy.com,male,France,Product,12500
226,Alicia,Perry,Alicia Perry,aliciaperry225119@slingacademy.com,female,Germany,Product,7500
227,Karen,Marsh,Karen Marsh,karenmarsh226577@slingacademy.com,female,USA,Product,7500
228,Richard,Holder,Richard Holder,richardholder227991@slingacademy.com,male,France,Product,11000
229,Ryan,Ponce,Ryan Ponce,ryanponce228931@slingacademy.com,male,Germany,Product,9500
230,Eddie,Riley,Eddie Riley,eddieriley229421@slingacademy.com,male,USA,Product,7500
231,Zachary,Scott,Zachary Scott,zacharyscott230288@slingacademy.com,male,France,Product,8000
232,Kenneth,Nelson,Kenneth Nelson,kennethnelson231464@slingacademy.com,male,Germany,Product,10000
233,Edgar,Lane,Edgar Lane,edgarlane232635@slingacademy.com,male,Germany,Product,10000
234,Jeremy,Cox,Jeremy Cox,jeremycox233206@slingacademy.com,male,USA,Product,9500
235,Rhonda,Hernandez,Rhonda Hernandez,rhondahernandez234932@slingacademy.com,female,Russia,Product,14500
236,Ashley,Gilbert,Ashley Gilbert,ashleygilbert235162@slingacademy.com,female,USA,Product,11500
237,Shawn,Shaw,Shawn Shaw,shawnshaw236298@slingacademy.com,male,USA,Product,12500
238,Ryan,Davis,Ryan Davis,ryandavis237462@slingacademy.com,male,France,Product,8500
239,Kristin,Bradley,Kristin Bradley,kristinbradley238626@slingacademy.com,female,USA,Product,11000
240,Christopher,Drake,Christopher Drake,christopherdrake239403@slingacademy.com,male,USA,Product,9500
241,Justin,Clark,Justin Clark,justinclark240285@slingacademy.com,male,Germany,Product,11000
242,Scott,Owens,Scott Owens,scottowens241483@slingacademy.com,male,Germany,Product,12500
243,Rebecca,Nelson,Rebecca Nelson,rebeccanelson242256@slingacademy.com,female,France,Product,7500
244,Erin,Green,Erin Green,eringreen243810@slingacademy.com,female,USA,Product,6500
245,Paul,Page,Paul Page,paulpage244408@slingacademy.com,male,Germany,Product,5500
246,Jamie,Ball,Jamie Ball,jamieball245345@slingacademy.com,female,USA,Product,6500
247,Sonya,Williams,Sonya Williams,sonyawilliams246780@slingacademy.com,female,Russia,Product,7000
248,Leslie,Burton,Leslie Burton,leslieburton247488@slingacademy.com,female,France,Product,12500
249,Daniel,Joseph,Daniel Joseph,danieljoseph248143@slingacademy.com,male,Russia,Product,10000
250,Julie,Grimes,Julie Grimes,juliegrimes249118@slingacademy.com,female,USA,Product,11000
251,Michael,Davis,Michael Davis,michaeldavis250373@slingacademy.com,male,France,Product,10000
252,Stephen,Hoover,Stephen Hoover,stephenhoover251356@slingacademy.com,male,USA,Product,8000
253,Damon,Sanders,Damon Sanders,damonsanders252816@slingacademy.com,male,Germany,Product,9000
254,Adam,Pratt,Adam Pratt,adampratt253273@slingacademy.com,male,Russia,Product,14000
255,Jesse,Gonzalez,Jesse Gonzalez,jessegonzalez254731@slingacademy.com,male,France,Product,8500
256,Debra,Cruz,Debra Cruz,debracruz255511@slingacademy.com,female,Russia,Product,13500
257,Gregory,Smith,Gregory Smith,gregorysmith256470@slingacademy.com,male,USA,Product,7500
258,Natasha,Cook,Natasha Cook,natashacook257144@slingacademy.com,female,Russia,Product,10500
259,Robert,Weber,Robert Weber,robertweber258728@slingacademy.com,male,France,Product,9500
260,Carly,Thompson,Carly Thompson,carlythompson259241@slingacademy.com,female,Germany,Product,5500
261,Maureen,Campbell,Maureen Campbell,maureencampbell260229@slingacademy.com,female,Germany,Product,9500
262,Alex,Brown,Alex Brown,alexbrown261949@slingacademy.com,male,France,Product,9500
263,Breanna,Allen,Breanna Allen,breannaallen262722@slingacademy.com,female,USA,Product,12000
264,Michael,Pearson,Michael Pearson,michaelpearson263989@slingacademy.com,male,USA,Product,7000
265,Cheryl,Lewis,Cheryl Lewis,cheryllewis264411@slingacademy.com,female,Germany,Product,8000
266,Megan,Brown,Megan Brown,meganbrown265895@slingacademy.com,female,USA,Product,6500
267,Linda,Haynes,Linda Haynes,lindahaynes266984@slingacademy.com,female,Germany,Product,8500
268,Kathy,Palmer,Kathy Palmer,kathypalmer267804@slingacademy.com,female,USA,Product,11000
269,Tammy,Ball,Tammy Ball,tammyball268170@slingacademy.com,female,Germany,Product,5500
270,Samuel,Reed,Samuel Reed,samuelreed269624@slingacademy.com,male,Russia,Product,10000
271,Erik,Page,Erik Page,erikpage270609@slingacademy.com,male,Germany,Product,10500
272,Tristan,Price,Tristan Price,tristanprice271230@slingacademy.com,male,Germany,Product,12500
273,Natalie,Skinner,Natalie Skinner,natalieskinner272142@slingacademy.com,female,Russia,Product,12000
274,Nicole,Castro,Nicole Castro,nicolecastro273516@slingacademy.com,female,USA,Product,10500
275,Natasha,Hughes,Natasha Hughes,natashahughes274687@slingacademy.com,female,Germany,Product,9000
276,Pamela,Herrera,Pamela Herrera,pamelaherrera275422@slingacademy.com,female,France,Product,8000
277,Gary,Houston,Gary Houston,garyhouston276947@slingacademy.com,male,Germany,Product,6500
278,Peter,Johnson,Peter Johnson,peterjohnson277327@slingacademy.com,male,Germany,Product,7500
279,April,Houston,April Houston,aprilhouston278122@slingacademy.com,female,Germany,Product,6500
280,Adam,Martinez,Adam Martinez,adammartinez279637@slingacademy.com,male,Russia,Product,11500
281,William,Peters,William Peters,williampeters280898@slingacademy.com,male,USA,Product,8500
282,Meagan,Henderson,Meagan Henderson,meaganhenderson281151@slingacademy.com,female,Russia,Product,9000
283,Charles,West,Charles West,charleswest282127@slingacademy.com,male,France,Product,8000
284,Rebecca,Jackson,Rebecca Jackson,rebeccajackson283741@slingacademy.com,female,France,Product,8000
285,Alec,Maldonado,Alec Maldonado,alecmaldonado284453@slingacademy.com,male,Germany,Product,9500
286,Michele,Edwards,Michele Edwards,micheleedwards285969@slingacademy.com,female,France,Product,12000
287,John,Hall,John Hall,johnhall286107@slingacademy.com,male,USA,Product,13000
288,Justin,Perry,Justin Perry,justinperry287419@slingacademy.com,male,Germany,Product,14500
289,Lauren,Norton,Lauren Norton,laurennorton288284@slingacademy.com,female,USA,Product,6500
290,Omar,Soto,Omar Soto,omarsoto289950@slingacademy.com,male,USA,Product,8500
291,Michael,Howard,Michael Howard,michaelhoward290216@slingacademy.com,male,Russia,Product,14500
292,Kathleen,Green,Kathleen Green,kathleengreen291790@slingacademy.com,female,Russia,Product,10500
293,Kent,Thompson,Kent Thompson,kentthompson292193@slingacademy.com,male,Russia,Product,11500
294,Benjamin,Wilson,Benjamin Wilson,benjaminwilson293449@slingacademy.com,male,France,Product,5500
295,Steven,Vaughn,Steven Vaughn,stevenvaughn294759@slingacademy.com,male,France,Product,11000
296,Michael,Tyler,Michael Tyler,michaeltyler295487@slingacademy.com,male,Russia,Product,10500
297,Richard,Lin,Richard Lin,richardlin296285@slingacademy.com,male,USA,Product,10000
298,Jennifer,Williams,Jennifer Williams,jenniferwilliams297896@slingacademy.com,female,USA,Product,12500
299,Shelley,Hubbard,Shelley Hubbard,shelleyhubbard298845@slingacademy.com,female,Germany,Product,8500
300,Sean,Choi,Sean Choi,seanchoi299793@slingacademy.com,male,Germany,Product,7000
301,Marie,Gross,Marie Gross,mariegross300870@slingacademy.com,female,Germany,Product,8500
302,Tracy,Leon,Tracy Leon,tracyleon301263@slingacademy.com,female,Germany,Product,11000
303,Steven,Peterson,Steven Peterson,stevenpeterson302672@slingacademy.com,male,USA,Product,11000
304,Justin,Webster,Justin Webster,justinwebster303292@slingacademy.com,male,USA,Product,11000
305,Courtney,Stanley,Courtney Stanley,courtneystanley304326@slingacademy.com,female,France,Product,7000
306,Walter,Crawford,Walter Crawford,waltercrawford305879@slingacademy.com,male,France,Product,12000
307,Danielle,Sparks,Danielle Sparks,daniellesparks306675@slingacademy.com,female,USA,Product,8000
308,Cheryl,Rose,Cheryl Rose,cherylrose307221@slingacademy.com,female,Russia,Product,7000
309,Justin,Mann,Justin Mann,justinmann308432@slingacademy.com,male,Russia,Product,7500
310,Vanessa,Carter,Vanessa Carter,vanessacarter309183@slingacademy.com,female,Russia,Product,5500
311,Anthony,Colon,Anthony Colon,anthonycolon310698@slingacademy.com,male,USA,Product,12000
312,April,Holland,April Holland,aprilholland311155@slingacademy.com,female,USA,Product,14500
313,Bill,Anderson,Bill Anderson,billanderson312995@slingacademy.com,male,Germany,Product,14000
314,Kelsey,Moss,Kelsey Moss,kelseymoss313481@slingacademy.com,female,USA,Product,12000
315,Maureen,Phillips,Maureen Phillips,maureenphillips314243@slingacademy.com,female,Germany,Product,7000
316,Michelle,Hooper,Michelle Hooper,michellehooper315396@slingacademy.com,female,France,Product,9000
317,Steven,Lewis,Steven Lewis,stevenlewis316274@slingacademy.com,male,Germany,Product,11500
318,Kevin,Rodriguez,Kevin Rodriguez,kevinrodriguez317974@slingacademy.com,male,Germany,Product,8500
319,Alexandra,Bell,Alexandra Bell,alexandrabell318109@slingacademy.com,female,Germany,Product,13000
320,Courtney,Mcdaniel,Courtney Mcdaniel,courtneymcdaniel319568@slingacademy.com,female,Germany,Product,8500
,,, ,,,,,
